codigo_d_departamento;nombre_m;codigo_m;numero_evaluados_m
47;SANTA ANA;47707;331
11;BOGOTÁ D.C.;11001;83600
13;CARTAGENA DE INDIAS;13001;13535
8;SOLEDAD;8758;6999
76;CALI;76001;16542
68;BUCARAMANGA;68001;6650
25;SOACHA;25754;8117
70;SINCELEJO;70001;3936
13;MONTECRISTO;13458;52
47;CONCORDIA;47205;145
5;MEDELLÍN;5001;28222
20;EL PASO;20250;399
15;DUITAMA;15238;1955
41;NEIVA;41001;4509
76;RESTREPO;76606;226
8;BARRANQUILLA;8001;17177
8;GALAPA;8296;598
85;YOPAL;85001;2822
8;BARANOA;8078;797
19;CORINTO;19212;307
8;MALAMBO;8433;1490
23;VALENCIA;23855;476
54;PAMPLONA;54518;617
23;LORICA;23417;1565
8;SABANALARGA;8638;1223
20;AGUACHICA;20011;1165
13;ARJONA;13052;984
25;FUNZA;25286;1361
63;ARMENIA;63001;3390
81;ARAUCA;81001;1163
54;OCAÑA;54498;1262
50;PUERTO GAITÁN;50568;407
70;SAN ONOFRE;70713;592
25;TOCANCIPÁ;25817;475
13;EL CARMEN DE BOLÍVAR;13244;933
41;GARZÓN;41298;1122
23;SAN PELAYO;23686;519
5;RIONEGRO;5615;1821
20;VALLEDUPAR;20001;5752
50;PUERTO LÓPEZ;50573;416
50;CUBARRAL;50223;77
81;SARAVENA;81736;714
70;TOLÚ VIEJO;70823;240
8;PUERTO COLOMBIA;8573;459
5;BELLO;5088;5804
54;LOS PATIOS;54405;811
25;LA MESA;25386;405
27;QUIBDÓ;27001;1675
76;RIOFRÍO;76616;143
44;FONSECA;44279;521
70;SAMPUÉS;70670;471
23;LA APARTADA;23350;132
23;CIÉNAGA DE ORO;23189;642
44;BARRANCAS;44078;416
23;SAHAGÚN;23660;1185
25;NOCAIMA;25491;63
68;BARRANCABERMEJA;68081;2655
13;TURBACO;13836;866
23;CERETÉ;23162;1234
19;GUAPÍ;19318;278
70;SAN MARCOS;70708;687
19;MIRANDA;19455;396
47;SANTA MARTA;47001;6881
47;EL RETÉN;47268;279
20;AGUSTÍN CODAZZI;20013;645
13;HATILLO DE LOBA;13300;130
25;SUESCA;25772;251
47;ARIGUANÍ;47058;349
15;TUNJA;15001;2735
47;SAN SEBASTIÁN DE BUENAVISTA;47692;287
23;PUEBLO NUEVO;23570;317
88;SAN ANDRÉS;88001;568
68;FLORIDABLANCA;68276;3174
44;RIOHACHA;44001;2457
23;SAN ANTERO;23672;337
23;AYAPEL;23068;453
13;ACHÍ;13006;251
20;PELAYA;20550;251
5;SAN JUAN DE URABÁ;5659;251
20;CURUMANÍ;20228;427
68;SUAITA;68770;116
44;URIBIA;44847;855
20;BOSCONIA;20060;513
23;PLANETA RICA;23555;1004
19;CALDONO;19137;370
41;SUAZA;41770;241
68;BARBOSA;68077;477
47;FUNDACIÓN;47288;1069
23;PUERTO LIBERTADOR;23580;372
13;PINILLOS;13549;266
13;MORALES;13473;187
27;UNGUÍA;27800;103
47;CIÉNAGA;47189;1356
23;COTORRA;23300;229
70;LOS PALMITOS;70418;269
27;ALTO BAUDÓ;27025;115
68;MÁLAGA;68432;394
73;ORTEGA;73504;338
54;TOLEDO;54820;212
68;PIEDECUESTA;68547;1979
76;BUENAVENTURA;76109;3488
25;RICAURTE;25612;111
19;TOTORÓ;19824;219
76;FLORIDA;76275;653
23;MONTERÍA;23001;5265
23;TIERRALTA;23807;928
70;GALERAS;70235;266
76;PALMIRA;76520;2797
13;MAHATES;13433;364
52;IPIALES;52356;1691
5;SOPETRÁN;5761;188
19;SANTANDER DE QUILICHAO;19698;1251
41;SANTA MARÍA;41676;142
44;ALBANIA;44035;329
17;MANIZALES;17001;4262
70;GUARANDA;70265;110
47;NUEVA GRANADA;47460;179
8;SANTO TOMÁS;8685;339
97;MITÚ;97001;300
8;CANDELARIA;8141;165
5;CHIGORODÓ;5172;822
13;SANTA ROSA;13683;186
41;CAMPOALEGRE;41132;360
13;ALTOS DEL ROSARIO;13030;90
5;APARTADÓ;5045;1750
66;PEREIRA;66001;5588
44;MAICAO;44430;2284
66;DOSQUEBRADAS;66170;2013
47;SALAMINA;47675;95
41;ACEVEDO;41006;344
54;TIBÚ;54810;518
85;TRINIDAD;85430;146
70;MAJAGUAL;70429;415
19;PIENDAMÓ - TUNÍA;19548;474
86;PUERTO ASÍS;86568;813
50;VILLAVICENCIO;50001;6450
5;EL BAGRE;5250;678
25;FUSAGASUGÁ;25290;2014
76;TULUÁ;76834;2379
19;TORIBÍO;19821;332
13;SAN JUAN NEPOMUCENO;13657;458
54;CÚCUTA;54001;8264
99;SANTA ROSALÍA;99624;40
25;SOPÓ;25758;373
18;PUERTO RICO;18592;237
68;LEBRIJA;68406;515
68;SOCORRO;68755;507
88;PROVIDENCIA;88564;59
41;TELLO;41799;142
8;SABANAGRANDE;8634;485
13;MARGARITA;13440;132
54;LA ESPERANZA;54385;111
73;ROVIRA;73624;342
52;SAN ANDRÉS DE TUMACO;52835;2185
23;MONTELÍBANO;23466;1088
13;MAGANGUÉ;13430;1423
47;PLATO;47555;614
52;FUNES;52287;70
41;LA PLATA;41396;822
70;SUCRE;70771;276
41;GIGANTE;41306;305
54;PUERTO SANTANDER;54553;112
68;PUENTE NACIONAL;68572;177
20;SAN DIEGO;20750;212
5;ENVIGADO;5266;2270
99;CUMARIBO;99773;150
13;SAN CRISTÓBAL;13620;93
5;NARIÑO;5483;92
20;MANAURE BALCÓN DEL CESAR;20443;134
5;PEQUE;5543;104
5;EL SANTUARIO;5697;417
44;DISTRACCIÓN;44098;113
13;MARÍA LA BAJA;13442;575
8;JUAN DE ACOSTA;8372;205
47;EL PIÑÓN;47258;205
19;LA VEGA;19397;170
13;MOMPÓS;13468;486
13;BARRANCO DE LOBA;13074;160
47;ALGARROBO;47030;164
68;GÁMBITA;68298;37
70;EL ROBLE;70233;126
68;VALLE DE SAN JOSÉ;68855;88
47;TENERIFE;47798;181
23;MOMIL;23464;250
19;SILVIA;19743;355
5;ITAGÜÍ;5360;3125
25;ALBÁN;25019;69
5;MUTATÁ;5480;199
18;FLORENCIA;18001;2236
15;SOGAMOSO;15759;1913
17;ANSERMA;17042;338
76;CARTAGO;76147;1381
5;YOLOMBÓ;5890;271
13;CÓRDOBA;13212;216
18;LA MONTAÑITA;18410;136
25;GIRARDOT;25307;1188
18;SAN VICENTE DEL CAGUÁN;18753;595
5;LIBORINA;5411;170
25;CHÍA;25175;1715
18;CURILLO;18205;119
5;TURBO;5837;1632
5;ENTRERRÍOS;5264;137
13;SAN MARTÍN DE LOBA;13667;200
70;BUENAVISTA;70110;125
76;CAICEDONIA;76122;355
76;ANSERMANUEVO;76041;219
47;SABANAS DE SAN ÁNGEL;47660;210
50;FUENTEDEORO;50287;168
15;SAN PABLO DE BORBUR;15681;78
23;SAN ANDRÉS DE SOTAVENTO;23670;649
47;ARACATACA;47053;483
44;DIBULLA;44090;203
47;ZONA BANANERA;47980;798
76;TORO;76823;156
76;ZARZAL;76895;468
8;PIOJÓ;8549;58
47;EL BANCO;47245;854
13;EL PEÑÓN;13268;73
5;SAN JERÓNIMO;5656;206
44;HATONUEVO;44378;259
52;PASTO;52001;4551
25;GUACHETÁ;25317;164
68;CERRITO;68162;85
54;EL ZULIA;54261;227
5;CAUCASIA;5154;1156
81;TAME;81794;704
5;FRONTINO;5284;201
17;SUPÍA;17777;457
63;QUIMBAYA;63594;357
20;ASTREA;20032;237
13;TALAIGUA NUEVO;13780;167
68;GIRÓN;68307;1790
8;MANATÍ;8436;215
27;JURADÓ;27372;39
52;OLAYA HERRERA;52490;185
8;TUBARÁ;8832;55
70;OVEJAS;70508;285
8;LURUACO;8421;311
19;POPAYÁN;19001;3564
44;MANAURE;44560;404
44;SAN JUAN DEL CESAR;44650;547
73;PURIFICACIÓN;73585;285
52;POLICARPA;52540;109
23;CHINÚ;23182;533
20;LA GLORIA;20383;149
20;BECERRIL;20045;208
52;GUALMATÁN;52323;71
47;PUEBLOVIEJO;47570;235
76;VERSALLES;76863;92
20;CHIMICHAGUA;20175;415
19;GUACHENÉ;19300;217
50;GRANADA;50313;1099
91;LETICIA;91001;632
13;CALAMAR;13140;223
13;TURBANÁ;13838;206
18;SOLITA;18785;63
66;BALBOA;66075;59
5;SAN LUIS;5660;172
25;ANAPOIMA;25035;198
52;CUASPÚD;52224;91
81;FORTUL;81300;253
18;EL DONCELLO;18247;261
27;RIOSUCIO;27615;224
52;LA TOLA;52390;82
27;BAJO BAUDÓ;27077;157
13;CICUCO;13188;137
18;CARTAGENA DEL CHAIRÁ;18150;298
23;PUERTO ESCONDIDO;23574;248
70;COVEÑAS;70221;183
5;SAN PEDRO DE URABÁ;5665;405
19;BOLÍVAR;19100;375
15;TOGÜÍ;15816;70
73;PLANADAS;73555;299
5;ARBOLETES;5051;394
68;PUERTO WILCHES;68575;296
27;BOJAYÁ;27099;95
20;PAILITAS;20517;188
23;SAN BERNARDO DEL VIENTO;23675;394
20;SAN MARTÍN;20770;257
19;PIAMONTE;19533;43
19;FLORENCIA;19290;68
85;TÁMARA;85400;67
85;HATO COROZAL;85125;151
52;MAGÜÍ;52427;76
19;PUERTO TEJADA;19573;483
86;PUERTO LEGUÍZAMO;86573;222
19;SAN SEBASTIÁN;19693;82
68;PINCHOTE;68549;36
20;CHIRIGUANÁ;20178;288
47;GUAMAL;47318;366
8;CAMPO DE LA CRUZ;8137;232
5;VIGÍA DEL FUERTE;5873;100
73;NATAGAIMA;73483;212
91;PUERTO NARIÑO;91540;79
99;LA PRIMAVERA;99524;106
25;PACHO;25513;307
52;PUERRES;52573;103
54;CUCUTILLA;54223;102
95;SAN JOSÉ DEL GUAVIARE;95001;796
47;PIVIJAY;47551;394
52;GUACHUCAL;52317;241
5;SANTA FÉ DE ANTIOQUIA;5042;338
73;CHAPARRAL;73168;551
5;ZARAGOZA;5895;333
73;IBAGUÉ;73001;7221
73;ESPINAL;73268;829
76;LA UNIÓN;76400;381
94;BARRANCO MINAS;94343;72
27;ATRATO;27050;74
20;LA JAGUA DE IBIRICO;20400;568
5;NECOCLÍ;5490;738
23;LOS CÓRDOBAS;23419;185
85;VILLANUEVA;85440;408
54;CONVENCIÓN;54206;161
25;SILVANIA;25743;268
15;TUTA;15837;132
15;SANTA ROSA DE VITERBO;15693;121
52;BUESACO;52110;195
52;GUAITARILLA;52320;116
52;MALLAMA;52435;108
25;MACHETÁ;25426;81
5;JARDÍN;5364;138
5;ABRIAQUÍ;5004;34
66;QUINCHÍA;66594;387
25;UBALÁ;25839;131
47;ZAPAYÁN;47960;80
19;CALOTO;19142;349
5;MARINILLA;5440;810
70;SAN BENITO ABAD;70678;242
20;TAMALAMEQUE;20787;215
76;YUMBO;76892;1077
23;MOÑITOS;23500;351
41;ISNOS;41359;365
41;ALGECIRAS;41020;192
70;PALMITO;70523;155
73;CUNDAY;73226;95
5;PUERTO BERRÍO;5579;478
54;GRAMALOTE;54313;68
54;TEORAMA;54800;130
76;JAMUNDÍ;76364;1188
66;BELÉN DE UMBRÍA;66088;333
41;GUADALUPE;41319;270
13;NOROSÍ;13490;36
52;BARBACOAS;52079;228
15;AQUITANIA;15047;194
23;PURÍSIMA DE LA CONCEPCIÓN;23586;236
86;SIBUNDOY;86749;223
52;TAMINANGO;52786;240
25;CHOCONTÁ;25183;271
73;PALOCABILDO;73520;121
19;INZÁ;19355;277
52;ILES;52352;87
54;VILLA DEL ROSARIO;54874;1073
25;GACHANCIPÁ;25295;159
5;TARAZÁ;5790;356
52;NARIÑO;52480;143
25;TENJO;25799;258
15;SATIVANORTE;15720;19
25;VILLA DE SAN DIEGO DE UBATÉ;25843;604
15;BERBEO;15090;25
5;COPACABANA;5212;866
20;LA PAZ;20621;273
54;CHINÁCOTA;54172;219
54;LA PLAYA;54398;68
25;CUCUNUBÁ;25224;92
25;FACATATIVÁ;25269;1716
68;GALÁN;68296;45
41;TARQUI;41791;295
41;PITALITO;41551;1771
15;PAYA;15533;25
44;VILLANUEVA;44874;245
52;EL PEÑOL;52254;81
17;VILLAMARÍA;17873;510
23;TUCHÍN;23815;404
68;VÉLEZ;68861;262
17;VICTORIA;17867;129
13;SAN ESTANISLAO;13647;241
5;SAN PEDRO DE LOS MILAGROS;5664;461
17;LA DORADA;17380;738
73;SAN SEBASTIÁN DE MARIQUITA;73443;446
52;LA UNIÓN;52399;417
76;GUACARÍ;76318;358
15;SANTANA;15686;75
52;YACUANQUER;52885;146
5;CALDAS;5129;793
5;YARUMAL;5887;633
76;CALIMA;76126;287
17;AGUADAS;17013;228
13;SAN PABLO;13670;292
5;BARBOSA;5079;635
17;RIOSUCIO;17614;586
41;PAICOL;41518;101
15;PÁEZ;15514;38
52;LA CRUZ;52378;224
73;LÉRIDA;73408;194
18;ALBANIA;18029;64
19;TIMBÍO;19807;308
15;CHIQUINQUIRÁ;15176;977
19;ROSAS;19622;114
19;JAMBALÓ;19364;187
15;MONGUÍ;15466;62
50;GUAMAL;50318;166
5;ABEJORRAL;5002;193
15;MOTAVITA;15476;48
68;SANTA HELENA DEL OPÓN;68720;27
15;CHITA;15183;110
52;LOS ANDES;52418;114
86;MOCOA;86001;718
70;SANTIAGO DE TOLÚ;70820;420
41;PITAL;41548;159
85;TAURAMENA;85410;362
86;PUERTO GUZMÁN;86571;169
25;CÁQUEZA;25151;251
25;MOSQUERA;25473;1615
68;SAN VICENTE DE CHUCURÍ;68689;397
52;CUMBAL;52227;431
15;LA UVITA;15403;34
5;CÁCERES;5120;279
52;SAN LORENZO;52687;247
70;MORROA;70473;143
52;RICAURTE;52612;160
86;VALLE DEL GUAMUEZ;86865;500
15;SABOYÁ;15632;197
5;PEÑOL;5541;256
8;SANTA LUCÍA;8675;149
47;SITIONUEVO;47745;235
70;SAN JUAN DE BETULIA;70702;167
70;LA UNIÓN;70400;147
8;SUAN;8770;130
8;REPELÓN;8606;259
54;ÁBREGO;54003;217
76;ULLOA;76845;73
19;PURACÉ;19585;112
25;COTA;25214;367
52;SANDONÁ;52683;196
52;TÚQUERRES;52838;527
25;CHOACHÍ;25181;155
52;ANCUYÁ;52036;90
19;CAJIBÍO;19130;312
63;FILANDIA;63272;144
52;CÓRDOBA;52215;152
73;RONCESVALLES;73622;59
27;ISTMINA;27361;492
68;MOLAGAVITA;68468;50
5;BELMIRA;5086;103
76;EL DOVIO;76250;99
5;SANTO DOMINGO;5690;137
15;GARAGOA;15299;224
19;SOTARA;19760;100
54;MUTISCUA;54480;36
41;RIVERA;41615;290
5;CISNEROS;5190;161
5;GUARNE;5318;518
27;CONDOTO;27205;199
5;LA UNIÓN;5400;281
15;QUÍPAMA;15580;66
76;CANDELARIA;76130;839
25;NARIÑO;25483;27
5;EBÉJICO;5240;167
70;CAIMITO;70124;158
52;SAN PABLO;52693;162
54;EL CARMEN;54245;88
5;RETIRO;5607;218
5;SANTA ROSA DE OSOS;5686;440
25;VIOTÁ;25878;147
66;SANTA ROSA DE CABAL;66682;823
5;CARACOLÍ;5142;69
73;ICONONZO;73352;157
85;AGUAZUL;85010;592
19;EL TAMBO;19256;392
5;OLAYA;5501;41
91;PUERTO SANTANDER;91669;11
68;SABANA DE TORRES;68655;334
20;SAN ALBERTO;20710;170
54;EL TARRA;54250;126
17;MARQUETALIA;17444;176
19;MORALES;19473;268
17;SAMANÁ;17662;238
25;YACOPÍ;25885;115
85;PAZ DE ARIPORO;85250;457
19;BUENOS AIRES;19110;241
25;UNE;25845;96
25;EL COLEGIO;25245;316
25;PARATEBUENO;25530;91
73;HONDA;73349;305
15;SAN JOSÉ DE PARE;15664;58
15;BOYACÁ;15104;214
76;TRUJILLO;76828;204
86;ORITO;86320;544
15;ÚMBITA;15842;101
15;NUEVO COLÓN;15494;68
15;SIACHOQUE;15740;97
50;CASTILLA LA NUEVA;50150;224
5;VEGACHÍ;5858;205
81;ARAUQUITA;81065;415
20;GONZÁLEZ;20310;39
73;COYAIMA;73217;366
41;SAN AGUSTÍN;41668;351
25;EL ROSAL;25260;344
15;NOBSA;15491;186
52;ALDANA;52022;63
52;ROBERTO PAYÁN;52621;95
25;MADRID;25430;1183
13;SAN JACINTO;13654;261
15;PAIPA;15516;427
52;POTOSÍ;52560;109
8;POLONUEVO;8558;210
15;VENTAQUEMADA;15861;231
25;ZIPAQUIRÁ;25899;1533
54;SARDINATA;54720;225
68;CHARALÁ;68167;171
73;LÍBANO;73411;429
15;TOCA;15814;130
52;SAN BERNARDO;52685;115
41;ÍQUIRA;41357;123
41;VILLAVIEJA;41872;41
5;SAN ANDRÉS DE CUERQUÍA;5647;81
81;CRAVO NORTE;81220;59
23;CANALETE;23090;213
5;YONDÓ;5893;145
70;COROZAL;70215;897
25;GACHALÁ;25293;64
25;BOJACÁ;25099;113
68;LOS SANTOS;68418;141
50;SAN CARLOS DE GUAROA;50680;152
76;ROLDANILLO;76622;391
68;MOGOTES;68464;114
52;OSPINA;52506;72
73;MELGAR;73449;495
52;SAN PEDRO DE CARTAGO;52694;66
54;CHITAGÁ;54174;102
19;TIMBIQUÍ;19809;240
15;SAMACÁ;15646;279
15;RAMIRIQUÍ;15599;140
19;PÁEZ;19517;282
15;PUERTO BOYACÁ;15572;645
20;PUEBLO BELLO;20570;159
54;VILLA CARO;54871;47
73;ATACO;73067;195
54;SALAZAR;54660;99
99999;EXTRANJERO;99999;134
52;CUMBITARA;52233;107
23;SAN CARLOS;23678;269
25;SESQUILÉ;25736;143
68;ZAPATOCA;68895;113
25;UBAQUE;25841;99
15;SORACÁ;15764;65
86;SAN FRANCISCO;86755;62
73;VILLARRICA;73873;43
13;SANTA ROSA DEL SUR;13688;360
25;CAJICÁ;25126;967
15;OTANCHE;15507;98
68;CIMITARRA;68190;456
76;GUADALAJARA DE BUGA;76111;1058
68;COROMORO;68217;56
15;PANQUEBA;15522;27
25;TOPAIPÍ;25823;64
68;SAN ANDRÉS;68669;105
68;RIONEGRO;68615;326
5;PUEBLORRICO;5576;79
25;SIMIJACA;25745;215
25;LA VEGA;25402;220
13;TIQUISIO;13810;143
73;MURILLO;73461;41
25;FÚQUENE;25288;36
52;COLÓN;52203;97
50;RESTREPO;50606;291
8;USIACURÍ;8849;103
73;GUAMO;73319;376
73;FLANDES;73275;309
52;EL TAMBO;52260;143
50;VISTAHERMOSA;50711;197
15;CHISCAS;15180;56
20;GAMARRA;20295;94
73;ARMERO;73055;110
5;ANDES;5034;542
5;ANORÍ;5040;208
68;CURITÍ;68229;141
18;MILÁN;18460;72
8;PONEDERA;8560;260
19;VILLA RICA;19845;234
68;PÁRAMO;68533;42
73;FALAN;73270;92
50;MESETAS;50330;92
25;TIBIRITA;25807;26
5;PUERTO TRIUNFO;5591;103
5;CONCORDIA;5209;211
5;NECHÍ;5495;203
25;GUADUAS;25320;319
52;EL TABLÓN DE GÓMEZ;52258;165
25;SAN FRANCISCO;25658;91
15;TENZA;15798;46
47;SAN ZENÓN;47703;111
15;PAUNA;15531;126
20;EL COPEY;20238;350
68;OCAMONTE;68498;42
41;SALADOBLANCO;41660;129
54;CÁCHIRA;54128;128
15;PAJARITO;15518;32
73;SAN LUIS;73678;129
73;SAN ANTONIO;73675;216
68;EL PLAYÓN;68255;160
68;SAN GIL;68679;831
86;SAN MIGUEL;86757;206
73;PIEDRAS;73547;54
54;SILOS;54743;52
27;RÍO IRÓ;27580;55
54;SAN CALIXTO;54670;41
5;SABANALARGA;5628;76
70;COLOSÓ;70204;103
25;SUPATÁ;25777;60
15;GACHANTIVÁ;15293;42
15;FIRAVITOBA;15272;44
50;ACACÍAS;50006;976
50;PUERTO RICO;50590;90
19;PATÍA;19532;299
41;LA ARGENTINA;41378;199
5;SEGOVIA;5736;445
17;NORCASIA;17495;95
25;LENGUAZAQUE;25407;90
15;EL COCUY;15244;53
68;LANDÁZURI;68385;117
68;BARICHARA;68079;91
41;HOBO;41349;72
50;PUERTO CONCORDIA;50450;72
47;CERRO DE SAN ANTONIO;47161;101
68;ARATOCA;68051;126
25;QUEBRADANEGRA;25592;44
85;MANÍ;85139;170
52;IMUÉS;52354;81
23;BUENAVISTA;23079;260
5;COCORNÁ;5197;176
25;SAN CAYETANO;25653;90
5;MONTEBELLO;5467;82
5;SAN ROQUE;5670;284
68;SAN JOAQUÍN;68682;13
47;CHIVOLO;47170;191
15;SÁCHICA;15638;45
25;VILLETA;25875;364
47;SANTA BÁRBARA DE PINTO;47720;103
76;BOLÍVAR;76100;166
15;MONIQUIRÁ;15469;271
15;TIBANÁ;15804;118
86;PUERTO CAICEDO;86569;112
25;QUIPILE;25596;80
47;PEDRAZA;47541;106
41;PALERMO;41524;300
66;MISTRATÓ;66456;150
25;ARBELÁEZ;25053;94
15;VILLA DE LEYVA;15407;183
15;MIRAFLORES;15455;110
76;DAGUA;76233;372
25;PASCA;25535;145
68;LA BELLEZA;68377;43
47;REMOLINO;47605;74
95;CALAMAR;95015;60
54;RAGONVALIA;54599;27
5;SONSÓN;5756;278
25;NEMOCÓN;25486;187
85;RECETOR;85279;22
52;ALBÁN;52019;104
25;AGUA DE DIOS;25001;121
41;TIMANÁ;41807;290
52;ARBOLEDA;52051;95
25;SUSA;25779;83
19;LA SIERRA;19392;99
13;ARROYOHONDO;13062;62
15;COVARACHÍA;15218;33
76;EL CAIRO;76246;65
15;JENESANO;15367;84
99;PUERTO CARREÑO;99001;203
15;GUAYATÁ;15325;32
25;SIBATÉ;25740;447
15;RÁQUIRA;15600;66
15;EL ESPINO;15248;44
15;TASCO;15790;85
73;CAJAMARCA;73124;319
25;CHIPAQUE;25178;92
25;VILLAPINZÓN;25873;261
15;TIPACOQUE;15810;42
15;TURMEQUÉ;15835;118
5;CAÑASGORDAS;5138;235
76;LA CUMBRE;76377;131
17;BELALCÁZAR;17088;106
19;BALBOA;19075;190
66;GUÁTICA;66318;232
91;LA PEDRERA;91407;17
25;FOSCA;25281;67
68;CHIPATÁ;68179;47
76;ANDALUCÍA;76036;207
68;CARCASÍ;68152;50
18;SAN JOSÉ DEL FRAGUA;18610;197
63;CALARCÁ;63130;891
85;NUNCHÍA;85225;100
76;SAN PEDRO;76670;164
54;LOURDES;54418;36
5;HELICONIA;5347;38
17;SALAMINA;17653;178
13;VILLANUEVA;13873;198
27;EL CARMEN DE ATRATO;27245;94
5;ANZÁ;5044;88
66;PUEBLO RICO;66572;177
15;PAZ DE RÍO;15537;47
25;TOCAIMA;25815;156
5;BETANIA;5091;95
18;MORELIA;18479;41
73;FRESNO;73283;338
86;VILLAGARZÓN;86885;312
52;SANTA BÁRBARA;52696;35
13;CLEMENCIA;13222;178
17;CHINCHINÁ;17174;610
15;JERICÓ;15368;43
27;TADÓ;27787;267
76;OBANDO;76497;118
70;SAN LUIS DE SINCÉ;70742;263
27;LLORÓ;27413;84
5;EL CARMEN DE VIBORAL;5148;620
5;FREDONIA;5282;292
5;VALPARAÍSO;5856;59
94;INÍRIDA;94001;170
13;RÍO VIEJO;13600;88
41;ELÍAS;41244;39
66;LA VIRGINIA;66400;372
25;TABIO;25785;303
19;ARGELIA;19050;177
5;MURINDÓ;5475;18
5;REMEDIOS;5604;321
5;SAN CARLOS;5649;165
5;GRANADA;5313;144
25;SAN ANTONIO DEL TEQUENDAMA;25645;208
25;GAMA;25299;56
20;RÍO DE ORO;20614;168
25;VILLAGÓMEZ;25871;40
63;LA TEBAIDA;63401;488
25;GUAYABETAL;25335;80
15;MACANAL;15425;48
5;URRAO;5847;427
41;AIPE;41016;201
41;AGRADO;41013;118
27;BAGADÓ;27073;144
8;PALMAR DE VARELA;8520;260
86;COLÓN;86219;62
27;BAHÍA SOLANO;27075;109
5;SAN RAFAEL;5667;155
76;ALCALÁ;76020;161
15;VIRACACHÁ;15879;22
44;LA JAGUA DEL PILAR;44420;37
52;EL ROSARIO;52256;75
25;CARMEN DE CARUPA;25154;118
52;TANGUA;52788;93
68;CAPITANEJO;68147;86
15;CIÉNEGA;15189;63
68;SIMACOTA;68745;86
63;GÉNOVA;63302;89
15;CHINAVITA;15172;31
73;PRADO;73563;102
25;TENA;25797;74
17;RISARALDA;17616;108
27;MEDIO BAUDÓ;27430;19
91;TARAPACÁ;91798;21
85;OROCUÉ;85230;127
73;SALDAÑA;73671;195
63;MONTENEGRO;63470;488
25;FÓMEQUE;25279;139
5;BETULIA;5093;220
5;AMALFI;5031;344
54;SANTIAGO;54680;32
52;SAMANIEGO;52678;352
68;EL PEÑÓN;68250;44
63;PIJAO;63548;62
68;GUACA;68318;51
25;GUAYABAL DE SÍQUIMA;25328;37
17;MANZANARES;17433;206
54;LABATECA;54377;86
66;APÍA;66045;170
13;SANTA CATALINA;13673;133
5;CAROLINA;5150;39
5;DABEIBA;5234;262
13;SAN JACINTO DEL CAUCA;13655;68
23;SAN JOSÉ DE URÉ;23682;97
76;PRADERA;76563;446
68;SAN JOSÉ DE MIRANDA;68684;24
27;EL LITORAL DEL SAN JUAN;27250;140
54;BOCHALEMA;54099;85
68;ENCISO;68266;53
25;SAN JUAN DE RIOSECO;25662;101
76;EL CERRITO;76248;566
19;ALMAGUER;19022;157
44;URUMITA;44855;116
5;ANGOSTURA;5038;154
52;FRANCISCO PIZARRO;52520;81
27;RÍO QUITO;27600;118
63;CIRCASIA;63190;315
15;MUZO;15480;111
68;MATANZA;68444;66
5;GIRARDOTA;5308;473
70;SAN PEDRO;70717;199
95;EL RETORNO;95025;128
73;DOLORES;73236;91
44;EL MOLINO;44110;54
73;ANZOÁTEGUI;73043;111
13;SOPLAVIENTO;13760;111
15;CUBARÁ;15223;32
15;SOCOTÁ;15755;72
5;VENECIA;5861;116
52;CHACHAGÜÍ;52240;147
52;LA FLORIDA;52381;94
52;LA LLANADA;52385;65
25;VERGARA;25862;76
76;SEVILLA;76736;369
25;GUASCA;25322;193
13;SIMITÍ;13744;144
5;MACEO;5425;184
5;SANTA BÁRBARA;5679;295
17;PALESTINA;17524;188
17;VITERBO;17877;159
50;CUMARAL;50226;337
50;SAN MARTÍN;50689;255
76;EL ÁGUILA;76243;112
73;CASABIANCA;73152;48
52;LINARES;52411;101
25;SUBACHOQUE;25769;187
5;CAREPA;5147;505
17;NEIRA;17486;211
85;MONTERREY;85162;233
73;RIOBLANCO;73616;173
17;PÁCORA;17513;175
5;LA CEJA;5376;747
5;CAICEDO;5125;103
73;ALVARADO;73026;60
5;CIUDAD BOLÍVAR;5101;348
15;CÓMBITA;15204;91
25;ANOLAIMA;25040;164
25;MEDINA;25438;73
76;GINEBRA;76306;232
5;DONMATÍAS;5237;157
17;MARMATO;17442;82
68;GÜEPSA;68327;50
25;SASAIMA;25718;146
76;BUGALAGRANDE;76113;247
68;GUADALUPE;68320;67
5;SABANETA;5631;851
5;GÓMEZ PLATA;5310;83
5;ALEJANDRÍA;5021;35
19;SUÁREZ;19780;172
5;TARSO;5792;71
76;YOTOCO;76890;143
5;ARGELIA;5055;78
5;AMAGÁ;5030;275
68;BOLÍVAR;68101;139
19;PADILLA;19513;130
5;SAN VICENTE FERRER;5674;240
5;YALÍ;5885;103
25;APULO;25599;81
5;CAMPAMENTO;5134;81
41;YAGUARÁ;41885;75
17;PENSILVANIA;17541;219
17;FILADELFIA;17272;100
17;MARULANDA;17446;27
68;EL CARMEN DE CHUCURÍ;68235;181
68;LA PAZ;68397;43
73;COELLO;73200;109
5;JERICÓ;5368;153
5;GUADALUPE;5315;89
17;ARANZAZU;17050;161
15;COPER;15212;48
50;LA MACARENA;50350;165
5;PUERTO NARE;5585;111
5;SALGAR;5642;110
15;SOATÁ;15753;105
15;PISBA;15550;17
23;CHIMÁ;23168;202
52;PUPIALES;52585;207
68;OIBA;68500;168
66;MARSELLA;66440;172
5;LA ESTRELLA;5380;641
5;GIRALDO;5306;87
17;LA MERCED;17388;75
41;TERUEL;41801;85
25;COGUA;25200;264
15;ALMEIDA;15022;18
13;SAN FERNANDO;13650;101
5;TÁMESIS;5789;247
66;SANTUARIO;66687;136
25;EL PEÑÓN;25258;51
25;BITUIMA;25095;22
76;VIJES;76869;105
76;LA VICTORIA;76403;101
76;ARGELIA;76054;81
5;URAMITA;5842;72
5;HISPANIA;5353;25
13;ARENAL;13042;128
68;PUERTO PARRA;68573;53
52;PROVIDENCIA;52565;50
52;LEIVA;52405;115
15;SAN MIGUEL DE SEMA;15676;47
27;CÉRTEGUI;27160;68
15;GUATEQUE;15322;137
25;SAN BERNARDO;25649;119
86;SANTIAGO;86760;88
5;ITUANGO;5361;317
47;PIJIÑO DEL CARMEN;47545;151
91;LA CHORRERA;91405;28
52;CONSACÁ;52207;134
50;PUERTO LLERAS;50577;109
13;ZAMBRANO;13894;120
25;LA PEÑA;25398;82
63;SALENTO;63690;83
5;VALDIVIA;5854;101
5;GUATAPÉ;5321;104
50;LEJANÍAS;50400;158
5;CONCEPCIÓN;5206;50
25;CAPARRAPÍ;25148;96
5;BRICEÑO;5107;50
50;EL CASTILLO;50251;109
68;TONA;68820;81
41;OPORAPA;41503;170
15;TÓPAGA;15820;41
50;MAPIRIPÁN;50325;40
63;CÓRDOBA;63212;66
66;LA CELIA;66383;88
15;MONGUA;15464;55
27;NUQUÍ;27495;68
54;ARBOLEDAS;54051;91
15;SOTAQUIRÁ;15763;94
18;BELÉN DE LOS ANDAQUÍES;18094;115
68;CONCEPCIÓN;68207;55
95;MIRAFLORES;95200;33
85;SAN LUIS DE PALENQUE;85325;71
27;NÓVITA;27491;64
18;EL PAUJÍL;18256;100
94;SAN FELIPE;94883;15
68;ALBANIA;68020;34
25;GACHETÁ;25297;97
25;PUERTO SALGAR;25572;151
27;MEDIO SAN JUAN;27450;106
25;LA CALERA;25377;328
15;GÁMEZA;15296;52
73;VALLE DE SAN JUAN;73854;51
25;NILO;25488;40
15;TIBASOSA;15806;103
25;CACHIPAY;25123;118
25;QUETAME;25594;111
27;EL CANTÓN DEL SAN PABLO;27135;59
15;SAN MATEO;15673;33
85;LA SALINA;85136;17
25;ÚTICA;25851;47
25;GRANADA;25312;105
68;GUAPOTÁ;68322;17
68;CONTRATACIÓN;68211;51
85;SABANALARGA;85300;38
15;SUSACÓN;15774;38
15;CUCAITA;15224;49
68;PALMAR;68522;20
15;CHÍQUIZA;15232;53
5;BURITICÁ;5113;91
41;PALESTINA;41530;109
13;EL GUAMO;13248;73
41;NÁTAGA;41483;71
15;PESCA;15542;79
5;TITIRIBÍ;5809;56
70;CHALÁN;70230;58
73;VENADILLO;73861;112
52;SAPUYES;52720;65
41;ALTAMIRA;41026;42
25;LA PALMA;25394;128
25;NIMAIMA;25489;61
17;SAN JOSÉ;17665;71
15;TINJACÁ;15808;33
52;SANTACRUZ;52699;73
5;TOLEDO;5819;34
5;SAN JOSÉ DE LA MONTAÑA;5658;49
68;SAN BENITO;68673;25
97;CARURÚ;97161;27
52;EL CHARCO;52250;208
25;GUATAVITA;25326;74
15;ARCABUCO;15051;89
15;ZETAQUIRA;15897;70
25;GUATAQUÍ;25324;19
19;MERCADERES;19450;133
50;SAN JUAN DE ARAMA;50683;71
25;SUTATAUSA;25781;65
85;PORE;85263;160
18;SOLANO;18756;35
68;VILLANUEVA;68872;97
5;LA PINTADA;5390;74
41;TESALIA;41797;116
52;BELÉN;52083;57
25;ZIPACÓN;25898;68
15;BELÉN;15087;129
25;CABRERA;25120;118
73;HERVEO;73347;54
41;COLOMBIA;41206;64
15;CHITARAQUE;15185;69
73;CARMEN DE APICALÁ;73148;120
68;AGUADA;68013;17
5;ARMENIA;5059;36
25;TAUSA;25793;96
27;UNIÓN PANAMERICANA;27810;69
15;SAN LUIS DE GACENO;15667;58
15;SOCHA;15757;101
97;TARAIRA;97666;21
15;GUACAMAYAS;15317;19
15;CHIVATÁ;15187;18
68;SURATÁ;68780;29
50;EL DORADO;50270;85
5;ANGELÓPOLIS;5036;71
73;AMBALEMA;73030;46
27;CARMEN DEL DARIÉN;27150;57
25;VIANÍ;25867;36
15;SORA;15762;42
73;SUÁREZ;73770;28
15;TUTAZÁ;15839;53
54;DURANIA;54239;50
52;CONTADERO;52210;70
15;BUENAVISTA;15109;72
19;SUCRE;19785;49
50;EL CALVARIO;50245;25
81;PUERTO RONDÓN;81591;51
50;BARRANCA DE UPÍA;50110;99
25;MANTA;25436;28
54;SAN CAYETANO;54673;51
19;LÓPEZ DE MICAY;19418;117
19;SANTA ROSA;19701;57
68;FLORIÁN;68271;57
91;MIRITÍ - PARANÁ;91460;17
18;VALPARAÍSO;18860;64
68;SUCRE;68773;86
15;CERINZA;15162;44
15;LA VICTORIA;15401;10
68;CONFINES;68209;19
25;JERUSALÉN;25368;31
25;GUTIÉRREZ;25339;35
15;GÜICÁN DE LA SIERRA;15332;62
68;CABRERA;68121;19
54;PAMPLONITA;54520;54
25;CHAGUANÍ;25168;25
15;MARIPÍ;15442;69
54;HACARÍ;54344;69
25;PULÍ;25580;35
50;SAN JUANITO;50686;26
27;SAN JOSÉ DEL PALMAR;27660;39
15;SANTA SOFÍA;15696;28
15;SUTAMARCHÁN;15776;58
68;JORDÁN;68370;4
63;BUENAVISTA;63111;37
25;JUNÍN;25372;67
5;CARAMANTA;5145;24
15;BOAVITA;15097;69
68;CHIMA;68176;27
15;OICATÁ;15500;25
73;VILLAHERMOSA;73870;70
15;SANTA MARÍA;15690;47
15;LA CAPILLA;15380;42
25;TIBACUY;25805;49
68;MACARAVITA;68425;42
68;GUAVATÁ;68324;59
25;PANDI;25524;58
15;CHIVOR;15236;34
5;SAN FRANCISCO;5652;34
15;TUNUNGUÁ;15832;15
68;SANTA BÁRBARA;68705;24
68;BETULIA;68092;44
27;ACANDÍ;27006;112
41;BARAYA;41078;63
54;CÁCOTA;54125;31
15;SAN EDUARDO;15660;25
68;PALMAS DEL SOCORRO;68524;25
68;EL GUACAMAYO;68245;24
15;FLORESTA;15276;37
85;CHÁMEZA;85015;31
68;CEPITÁ;68160;16
15;SUTATENZA;15778;52
15;BUSBANZÁ;15114;7
25;PAIME;25518;45
15;SATIVASUR;15723;18
15;CORRALES;15215;29
15;CUÍTIVA;15226;24
15;BRICEÑO;15106;18
50;CABUYARO;50124;34
15;PACHAVITA;15511;27
15;CALDAS;15131;62
52;MOSQUERA;52473;50
15;RONDÓN;15621;21
50;URIBE;50370;72
15;IZA;15362;11
15;TOTA;15822;55
73;SANTA ISABEL;73686;45
68;JESÚS MARÍA;68368;48
54;BUCARASICA;54109;40
15;CAMPOHERMOSO;15135;31
27;SIPÍ;27745;12
13;CANTAGALLO;13160;86
15;LABRANZAGRANDE;15377;16
68;VETAS;68867;17
85;SÁCAMA;85315;19
68;CALIFORNIA;68132;24
91;EL ENCANTO;91263;20
68;SAN MIGUEL;68686;36
15;SOMONDOCO;15761;27
68;CHARTA;68169;24
25;VENECIA;25506;57
73;ALPUJARRA;73024;57
27;MEDIO ATRATO;27425;32
94;MORICHAL;94888;4
15;BETÉITIVA;15092;24
94;PANA PANA;94887;7
68;HATO;68344;23
68;ONZAGA;68502;26
97;PACOA;97511;5
13;REGIDOR;13580;16
68;ENCINO;68264;16
25;BELTRÁN;25086;25
27;BELÉN DE BAJIRÁ;27086;1
